LH00235:294:22FW3YLT4:8:1272:40522:24953	16	3	4560899	60	36S41M	*	0	0	ATTAAAGATAAGCGCTACTAGAATTCGAGCTCGGAGCATCTTCATTCTTAAGATATGAAGATAATCTTCAAAAGGCC	I99IIIIIIIIIIIIIIIIIIIIIIIIIIIIIIIIIIIIIIIIIIIIIIIIIIIIIIIIIIIIIIIIIIIIIIIIII	NM:i:0	MD:Z:41	AS:i:41	XS:i:0
LH00235:294:22FW3YLT4:8:1272:40531:24967	2064	3	4560899	60	109H41M	*	0	0	CATCTTCATTCTTAAGATATGAAGATAATCTTCAAAAGGCC	IIIIIIIIIIIIIIIIIIIIIIIIIIIIIIIIIIIIIIIII	NM:i:0	MD:Z:41	AS:i:41	XS:i:0	SA:Z:5,24063283,-,85M65S,60,0;
LH00235:294:22FW3YLT4:8:1134:23440:1714	16	3	4560899	60	76S70M	*	0	0	ATAACTACTGTATGTGCTATGGTATGGACTATGGAATATGATTAAAGATAAGCGCTACTAGAATTCGAGCTCGGAGCATCTTCATTCTTAAGATATGAAGATAATCTTCAAAAGGCCCCTGGGAATCTGAAAGAAGAGAAGCAGGC	IIIIIIIIIIIIIIIIIIIIIIIIIIIIIIIIIIIIIIIIIIIIIIIIIIIIIIIIIIIIIIIIIIIII9IIIIIIIIIIIIIIIIIIIIIIIIIIIIIIIIIIIIIIIII9III9IIII-IIIIIIIIIIIIIIIIIIIIIII9I	NM:i:0	MD:Z:70	AS:i:70	XS:i:0	SA:Z:5,24063316,-,52M94S,60,0;
LH00235:294:22FW3YLT4:8:1134:23456:1714	16	3	4560899	60	80S70M	*	0	0	GCATATAACTACTGTATGTGCTATGGTATGGACTATGGAATATGATTAAAGATAAGCGCTACTAGAATTCGAGCTCGGAGCATCTTCATTCTTAAGATATGAAGATAATCTTCAAAAGGCCCCTGGGAATCTGAAAGAAGAGAAGCAGGC	IIIIIIIIIIIIIIIIIIIIIIIIIIIIIIIIII-IIIIIIIIIIIIIIIIIIIIIIIIIIIIIIIIIIIIIIIIIIIIIIIIIIIIIIIIIIIIIIIIIIIIIIIIIIIIIIIIIIIIIIIIIIIIIIIIIIIIIIIIIIIIIIIIIII	NM:i:0	MD:Z:70	AS:i:70	XS:i:0	SA:Z:5,24063312,-,56M94S,60,0;
LH00235:294:22FW3YLT4:8:1116:18568:2275	16	3	14201298	0	146M4S	*	0	0	GCGCTAACCTAGAACCCACAAAGGGTGTTGGTCGATTAAGACAGCAGGACGGTGGTCATGGAAGTCGAAATCCGCTAAGGAGTGTGTAACAACTCACCTGCCGAATCAACTAGCCCCGAAAATGGATGGCGCTTAAGCGCGCGACCACCG	IIIIIIIIIII9IIIIIIIIIIIIIIIIIII9IIIIIIIIIIIIIIIIIIIIIIIIIIIIIIIIIIIII-IIIII-IIIIIIIIIIIIIIIIIIIIIIIIIIIIIIIIIIII9IIIIIIIIIIIIIIIIII9IIIIII-IIIIIIIIIII	NM:i:0	MD:Z:146	AS:i:146	XS:i:146	XA:Z:2,-7327,146M4S,0;
LH00235:294:22FW3YLT4:8:2495:15259:27699	0	4	2718256	60	122M	*	0	0	TAAATTTCTGTGTTCCTTATTCTCTCAAAATCTTCGATTTTGTTTTCGTTCGATCCCAATTTCGTATATGTTCTTTGGTTTAGATTCTGTTAATCTTAGATCGAACACGATTTTCTGGGTTT	IIIIIIIIIIIIIIIIIIIIIIIIIIIIIIIIIIIIIIIIIIIIIIIIIIIIIIIIIIIIIIIIIIIIIIIIIIIIIIIIIIIIIIIIIIII-IIIIIIIIIIIIIIIIIIIIIIIIIIIII	NM:i:1	MD:Z:105G16	AS:i:117	XS:i:0
LH00235:294:22FW3YLT4:8:2302:41178:8242	0	4	2718277	60	150M	*	0	0	CTCTCAAAATCTTCGATTTTGTTTTCGTTCGATCCCAATTTCGTATATGTTCTTTGGTTTAGATTCTGTTAATCTTAGATCGAACACGATTTTCTGGGTTTGATCGTTAGATATCATCTTAATTCTCGATTAGGGTTTCATAGATATCAT	IIIIIIIIIIIIIIIIIIIIIIIIIIIIIIIIIIIIIIIIIIIIIIIIIIIIIIIIIIIIIIIIIIIIIIIIIIIIIIIIIIIIII9IIIIIIIIIIIIIIIIIIIIIIIIIIIIIIIIIIIIIIIIIIIIIIIIIIIIIIIIIIIIIII	NM:i:1	MD:Z:84G65	AS:i:145	XS:i:0
LH00235:294:22FW3YLT4:8:2302:41186:8256	0	4	2718277	60	148M	*	0	0	CTCTCAAAATCTTCGATTTTGTTTTCGTTCGATCCCAATTTCGTATATGTTCTTTGGTTTAGATTCTGTTAATCTTAGATCGAACACGATTTTCTGGGTTTGATCGTTAGATATCATCTTAATTCTCGATTAGGGTTTCATAGATATC	IIIIIIIIIIIIIIII9IIIIIIIIIIIIIIIIIIIIIIIIIIIIIIIIIIIIIIIIIIIIIIIIIIIIIIIIIIIIIIIIIIIIIIIIIIIIIIIIIIIIIIIIIIIIIIIIIIIIIIIII9IIIIIIIIIIIIIIIIIIIIIIIII	NM:i:1	MD:Z:84G63	AS:i:143	XS:i:0
LH00235:294:22FW3YLT4:8:1357:50257:14910	0	4	2718287	60	150M	*	0	0	CTTCGATTTTGTTTTCGTTCGATCCCAATTTCGTATATGTTCTTTGGTTTAGATTCTGTTAATCTTAGATCGAACACGATTTTCTGGGTTTGATCGTTAGATATCATCTTAATTCTCGATTAGGGTTTCATAGATATCATCCGATTTGTT	IIIIIIIIIIIIIIIIIIIIIIIIIIIIIIIIIIIIIIIIIIIIIIIIIIIIIIIIIIIIIIIIIIIIIIIIIIIIIIIIIIIIIIIIIIIIIIIIIIIIIIIIIIIIIIIII9IIIIIIIIIIIIIII9IIIIIIIIIIIIIIIIIIII	NM:i:1	MD:Z:74G75	AS:i:145	XS:i:0
LH00235:294:22FW3YLT4:8:1198:19879:23230	0	4	2718318	60	150M	*	0	0	CGTATATGTTCTTTGGTTTAGATTCTGTTAATCTTAGATCGAACACGATTTTCTGGGTTTGATCGTTAGATATCATCTTAATTCTCGATTAGGGTTTCATAGATATCATCCGATTTGTTCAAATAATTTGAGTTTTGTCGAATAATTACT	IIIIIIIIIIIIIIIIIIIIIIIIIIIII-IIIIIIIIIIIIIIIIIIIIIIIIIIIIIIIIIIIIIIIIIIIIIIIIIIIIIIIIIIIIIIIIIIIIIIII9IIIIIIIIIIIIIIIIIIIIIIIIIIIIIIIIIIIIIIIIIIIIIII	NM:i:1	MD:Z:43G106	AS:i:145	XS:i:0
LH00235:294:22FW3YLT4:8:2233:19928:4796	0	4	2718351	60	150M	*	0	0	TTAGATCGAACACGATTTTCTGGGTTTGATCGTTAGATATCATCTGAATTCTCGATTAGGGTTTCATAGATATCATCCGATTTGTTCAAATAATTTGAGTTTTGTCGAATAATTACTCTTCGATTTGTGATTTCTATCTAGATCTGGTGT	IIIIIIIIIIIIIIIIIIIIIIIIIIIIIIIIIIIIIIIIIIIIIIIIIIIIIIIIIIIIIIIIIIIIIIIIIIIIIIIIIIIIIIIIIIII9IIIIIIIIIIIIIIIIIIIIIIIIIIIIIIIIIIIIIIIIIIIIIIIIIIIIIIIII	NM:i:2	MD:Z:10G34T104	AS:i:140	XS:i:0
LH00235:294:22FW3YLT4:8:2233:19920:4810	0	4	2718351	60	150M	*	0	0	TTAGATCGAACACGATTTTCTGGGTTTGATCGTTAGATATCATCTGAATTCTCGATTAGGGTTTCATAGATATCATCCGATTTGTTCAAATAATTTGAGTTTTGTCGAATAATTACTCTTCGATTTGTGATTTCTATCTAGATCTGGTGT	IIIIIIIIIIIIIIIIIIIIIIIIIIIIIIIIIIIIIIIIIIIIIIIIIIIIIIIIIIIIIIIIIIIIIIIIIIIIIIIIIIIIIIIIIIIIIIIIIIIIIIIIIIIIIIIIIIIIIIIIIIIIIIIIIIIIIIIIIIIIIIIIIIIIII	NM:i:2	MD:Z:10G34T104	AS:i:140	XS:i:0
LH00235:294:22FW3YLT4:8:2150:47725:24141	0	4	2718390	60	150M	*	0	0	TCATCTTAATTCTCGATTAGGGTTTCATAGATATCATCCGATTTGTTCAAATAATTTGAGTTTTGTCGAATAATTACTCTTCGATTTGTGATTTCTATCTAGATCTGGTGTTAGTTTCTAGTTTGTGCGATCGAATTTGTCGATTAATCT	IIIIIIIIIIIIIIIIIIIIIIIIIIIIIIIIIIIIIIIIIIIIIIIIIIIIIIIIIIII9IIIIIIIIIIIIIIIIIIIIIIIIIIIIIIIIIIIIIIIIIIIIIIIIIIIIIIIIIIIIIIIIIIIIIIIIIIIIIIIIIIIIIIIII	NM:i:0	MD:Z:150	AS:i:150	XS:i:50
LH00235:294:22FW3YLT4:8:1349:20875:15596	0	4	2718425	60	134M16S	*	0	0	ATCCGATTTGTTCAAATAATTTGAGTTTTGTCGAATAATTACTCTTCGATTTGTGATTTCTATCTAGATCTGGTGTTAGTTTCTAGTTTGTGCGATCGAATTTGTCGATTAATCTGAGTTTTTCTGATTAACAGGAATGGACAAGAAGTA	IIIIIIIIIIIIIIIIIIIIIIIIIIIIIIIIIIIIIIIIIIIIIIIIIIIIIIIIIIIIIIIIIIIIIIIIIIIIIIIIIIIIIIIIIIIIIIIIIIIIIIIIIIIIIIIIIIIIIIIIIIIIIIIIIIIIIIIIIIIIIIIIIIIIII	NM:i:0	MD:Z:134	AS:i:134	XS:i:0
LH00235:294:22FW3YLT4:8:2204:14733:14770	0	4	2718440	60	119M31S	*	0	0	ATAATTTGAGTTTTGTCGAATAATTACTCTTCGATTTGTGATTTCTATCTAGATCTGGTGTTAGTTTCTAGTTTGTGCGATCGAATTTGTCGATTAATCTGAGTTTTTCTGATTAACAGGAATGGACAAGAAGTACTCCATTGGGCTCGA	IIIIIIIIIIIIIIIIIIIIIIIIIIIIIIIIIIIIIIIIIIIIIIIIIIIIIIIIIIIIIIIIIIIIIIIIIIIIIIIIIIIIIIIIIIIIIIIIIIIIIIIIIIIIIIIIIIIIIIIIIIIIIIIIIIIIIIIIIIIIIIIIIIIIII	NM:i:0	MD:Z:119	AS:i:119	XS:i:58
LH00235:294:22FW3YLT4:8:2490:3088:18258	16	5	24063118	60	3S118M	*	0	0	CTTATATGAAGATGAAGATGAAATATTTGGTGTGTCAAATAAAAAGCTTGTGTGCTTAAGTTTGTGTTTTTTTCTTGGCGTGTTGTGTTATGAATTTGTGGCTTTTTCTAATATTAAATGA	I99IIIIIIIIIIIIIIIIIIIIIIIIIIIIIIIIIIIIIIIIIIIIIIII9IIIIIIIIIIIIIIIIII9IIIIIIII-III9IIIIIIIIIIIIIIII9III9I9IIIIIIIIIIIII-	NM:i:1	MD:Z:76T41	AS:i:113	XS:i:19
LH00235:294:22FW3YLT4:8:2490:3080:18272	16	5	24063118	60	31S118M	*	0	0	GACCCCAAGAAGAAGAGGAAGGTGTGAGCTTATATGAAGATGAAGATGAAATATTTGGTGTGTCAAATAAAAAGCTTGTGTGCTTAAGTTTGTGTTTTTTTCTTGGCTTGTTGTGTTATGAATTTGTGGCTTTTTCTAATATTAAATGA	IIIIIIIIIIIII9IIIIIIIIIIIIIIIIIIIIIII-IIIIIIIIIII9I9IIII9IIIIIIIIIIIIIIIIIIIIIIII9IIIIIIIIIIIIIIIIIIIIIIIIIIIIIIIIIIIIIIIIIIIIIIIIIIIIIIIIIIIIIII9III	NM:i:0	MD:Z:118	AS:i:118	XS:i:19
LH00235:294:22FW3YLT4:8:1190:14773:19911	16	5	24063118	60	41S109M	*	0	0	CAGCAGGGCTGACCCCAAGAAGAAGAGGAAGGTGTGAGCTTATATGAAGATGAAGATGAAATATTTGGTGTGTCAAATAAAAAGCTTGTGTGCTTAAGTTTGTGTTTTTTTCTTGGCTTGTTGTGTTATGAATTTGTGGCTTTTTCTAAT	IIIIIIIIIIIIIIIIIIIIIIII-IIIIII-IIIIIIIIIIIIIIIIIIIIIIIIIIIIIIIIIIIIIIIIIIIIIIIIIIIIIIIIIIIIIIIIIIIIIIIIIIIIII-IIIIIIIIIIIIIIIIIIIIIIIIIIIIIIIIIIIIIII	NM:i:0	MD:Z:109	AS:i:109	XS:i:19
LH00235:294:22FW3YLT4:8:1402:42092:17305	16	5	24063118	60	12S138M	*	0	0	AGGTGTGAGCTTATATGAAGATGAAGATGAAATATTTGGTGTGTCAAATAAAAAGCTTGTGTGCTTAAGTTTGTGTTTTTTTCTTGGCTTGTTGTGTTATGAATTTGTGGCTTTTTCTAATATTAAATGAATGTAAGATCTCATTATAAT	IIIIIIIIIIIIIIIIIIIII9IIIIIIIIIIIIIIIIIIIIIIII9IIIIIIIIIIIIIIIIIIIIIIIIIIIIIIIIIIIIIIIIIIIIIIIIIIIIIIIIIIIIIIIIIIIIIIIIIIIIIIIIIIIIIIIIIIIIIIIIIIIIIII	NM:i:0	MD:Z:138	AS:i:138	XS:i:19
LH00235:294:22FW3YLT4:8:1297:42950:26718	16	5	24063122	60	150M	*	0	0	GAAGATGAAGATGAAATATTTGGTGTGTCAAATAAAAAGCTTGTGTGCTTAAGTTTGTGTTTTTTTCTTGGCTTGTTGTGTTATGAATTTGTGGCTTTTTCTAATATTAAATGAATGTAAGATCTCATTATAATGAATAAACAAATGTTT	II9II9IIIIIIIIIIIIIIIIIIIIIIIIIIIIIIIIIIIIIIIIIIIIIIIIIIIIIIIIIIIIIIIIIIIIIIIIIIIIIIIIIIIIIIIIIIIIIIIIIIIIIIIIIIIIIIIIIIIIIIIIIIIIIIIIIIIIIIIIIIIIIIII	NM:i:0	MD:Z:150	AS:i:150	XS:i:0
LH00235:294:22FW3YLT4:8:1241:33361:25584	16	5	24063126	60	150M	*	0	0	ATGAAGATGAAATATTTGGTGTGTCAAATAAAAAGCTTGTGTGCTTAAGTTTGTGTTTTTTTCTTGGCTTGTTGTGTTATGAATTTGTGGCTTTTTCTAATATTAAATGAATGTAAGATCTCATTATAATGAATAAACAAATGTTTCTAT	IIIIIIIIIIIIIIIIIIIIIIIIIIIIIIIIIIIIIIIIIIIIIIIIIIIIIIIIIIIIIIIIIIIIIIIIIIIIIIIIIIIIIIIIIIIIIIIIIIIIIIIIIIIIIIIIIIIIIIIIIIIIIIIIIIIIIIIIIIIIIIIIIIIIII	NM:i:0	MD:Z:150	AS:i:150	XS:i:0
LH00235:294:22FW3YLT4:8:1274:14741:11982	16	5	24063135	60	114M	*	0	0	AAATATTTGGTGTGTCAAATAAAAAGCTTGTGTGCTTAAGTTTGTGTTTTTTTCTTGGCTTGTTGTGTTATGAATTTGTGGCTTTTTCTAATATTAAATGAATGTAAGATCTCA	IIIIIIIIIIIIIIIIIIIIIIIIIIIIIIIIIIIIIIIIIIIIIIIIIIIIIIIIIIIIIIIIIIIIIIIIIIIIIIIIIIIIIIIIIIIIIIIIIIIIIIIIIIIIIIIIII	NM:i:0	MD:Z:114	AS:i:114	XS:i:0
LH00235:294:22FW3YLT4:8:2118:3347:12430	16	5	24063174	60	150M	*	0	0	GTTTGTGTTTTTTTCTTGGCTTGTTGTGTTATGAATTTGTGGCTTTTTCTAATATTAAATGAATGTAAGATCTCATTATAATGAATAAACAAATGTTTCTATAATCCATTGTGAATGTTTTGTTGGATCTCTTCTGCAGCATATAACTAC	IIIIII-IIIIIIIIIIIIIIIIIIIIIIIIIIIIIIIIIIIIIIIIII9IIIIIIIIIIIIIIIIIIIIIIIIIIIIIIIIIIIIIIIIIIIIIIIIIIIIIIIIII9IIIIIIIIIIIIIIIIIIIIIIIIIIIIIIIIIIIIIIIII	NM:i:0	MD:Z:150	AS:i:150	XS:i:0
LH00235:294:22FW3YLT4:8:1219:47458:18608	16	5	24063190	60	150M	*	0	0	TGGCTTGTTGTGTTATGAATTTGTGGCTTTTTCTAATATTAAATGAATGTAAGATCTCATTATAATGAATAAACAAATGTTTCTATAATCCATTGTGAATGTTTTGTTGGATCTCTTCTGCAGCATATAACTACTGTATGTGCTATGGTA	IIIIIIIIIIIIIIIIIIIIIIII9IIIIIIIIIIIIIIIIIIIIIIIIIIIIIIIIIIIIIIIIIIIIIIIIIII9IIIIIIIIIIIIIIIIIIII9IIIIIIIIIIIIIIIIIIIIIIIIIIIIIIIIIIIIIIIIIIIIIIIIIIII	NM:i:0	MD:Z:150	AS:i:150	XS:i:0
LH00235:294:22FW3YLT4:8:1272:40531:24967	16	5	24063283	60	85M65S	*	0	0	TGTGAATGTTTTGTTGGATCTCTTCTGCAGCATATAACTACTGTATGTGCTATGGTATGGACTATGGAATATGATTAAAGATAAGCGCTACTAGAATTCGAGCTCGGAGCATCTTCATTCTTAAGATATGAAGATAATCTTCAAAAGGCC	IIIIIIIIIIIIIIIIIIIIIIIIIIIIIIIIII9IIIIIIIIIIIIIIIIIIIIIIIIIIIIIIIIIIIIIIIIIIIIIIIIIIIIIIIIIIIIIIIIIIIIIIIII9IIIIIIIIIIIIIIIIIIIIIIIIIIIIIIIIIIIIIIIII	NM:i:0	MD:Z:85	AS:i:85	XS:i:0	SA:Z:3,4560899,-,109S41M,60,0;
LH00235:294:22FW3YLT4:8:1134:23456:1714	2064	5	24063312	60	56M94H	*	0	0	GCATATAACTACTGTATGTGCTATGGTATGGACTATGGAATATGATTAAAGATAAG	IIIIIIIIIIIIIIIIIIIIIIIIIIIIIIIIII-IIIIIIIIIIIIIIIIIIIII	NM:i:0	MD:Z:56	AS:i:56	XS:i:0	SA:Z:3,4560899,-,80S70M,60,0;
LH00235:294:22FW3YLT4:8:1134:23440:1714	2064	5	24063316	60	52M94H	*	0	0	ATAACTACTGTATGTGCTATGGTATGGACTATGGAATATGATTAAAGATAAG	IIIIIIIIIIIIIIIIIIIIIIIIIIIIIIIIIIIIIIIIIIIIIIIIIIII	NM:i:0	MD:Z:52	AS:i:52	XS:i:0	SA:Z:3,4560899,-,76S70M,60,0;
